{"cameraMode":{"drawMode":0,"name":"Shaded","section":"Shading Mode"},"sceneLighting":true,"audioPlay":false,"sceneViewState":{"m_AlwaysRefresh":true,"showFog":true,"showSkybox":false,"showFlares":true,"showImageEffects":true,"showParticleSystems":true,"showVisualEffectGraphs":true,"m_FxEnabled":true},"in2DMode":false,"pivot":{"x":548.5209350585938,"y":252.4289093017578,"z":8.061375617980957},"rotation":{"x":0.0010479779448360205,"y":0.8192121982574463,"z":-0.0014756167074665428,"w":0.5735401511192322},"size":10.449999809265137,"orthographic":false}