{"cameraMode":{"drawMode":0,"name":"Shaded","section":"Shading Mode"},"sceneLighting":true,"audioPlay":false,"sceneViewState":{"showFog":true,"showMaterialUpdate":false,"showSkybox":false,"showFlares":true,"showImageEffects":true,"showParticleSystems":true},"in2DMode":false,"pivot":{"x":919.272216796875,"y":-932.7398681640625,"z":4858.771484375},"rotation":{"x":-0.09755107015371323,"y":-0.04684507101774216,"z":0.004640886560082436,"w":-0.9941940307617188},"size":2553.483642578125,"orthographic":false}