{"cameraMode":{"drawMode":0,"name":"Shaded","section":"Shading Mode"},"sceneLighting":false,"audioPlay":false,"sceneViewState":{"showFog":true,"showMaterialUpdate":false,"showSkybox":false,"showFlares":true,"showImageEffects":true,"showParticleSystems":true},"in2DMode":false,"pivot":{"x":-2.678232431411743,"y":-3.023270845413208,"z":25.00214385986328},"rotation":{"x":0.021625231951475145,"y":0.9784933924674988,"z":-0.14901822805404664,"w":0.14104054868221284},"size":0.8660253882408142,"orthographic":false}