{"cameraMode":{"drawMode":0,"name":"Shaded","section":"Shading Mode"},"sceneLighting":true,"audioPlay":false,"sceneViewState":{"showFog":true,"showMaterialUpdate":false,"showSkybox":false,"showFlares":true,"showImageEffects":true,"showParticleSystems":true},"in2DMode":false,"pivot":{"x":-0.9371991157531738,"y":13.094881057739258,"z":13.793792724609375},"rotation":{"x":-0.10002877563238144,"y":0.11130236089229584,"z":0.011404945515096188,"w":0.9886791706085205},"size":18.14314842224121,"orthographic":false}