{"cameraMode":{"drawMode":0,"name":"Shaded","section":"Shading Mode"},"sceneLighting":false,"audioPlay":false,"sceneViewState":{"m_AlwaysRefresh":true,"showFog":true,"showSkybox":false,"showFlares":true,"showImageEffects":true,"showParticleSystems":true,"showVisualEffectGraphs":true,"m_FxEnabled":true},"in2DMode":false,"pivot":{"x":0.49012601375579836,"y":0.49522727727890017,"z":-0.09861370921134949},"rotation":{"x":-0.217562735080719,"y":0.01670515350997448,"z":-0.0036432144697755577,"w":-0.9760710597038269},"size":0.5808106660842896,"orthographic":false}