{"cameraMode":{"drawMode":0,"name":"Shaded","section":"Shading Mode"},"sceneLighting":false,"audioPlay":false,"sceneViewState":{"m_AlwaysRefresh":true,"showFog":true,"showSkybox":false,"showFlares":true,"showImageEffects":true,"showParticleSystems":true,"showVisualEffectGraphs":true,"m_FxEnabled":true},"in2DMode":false,"pivot":{"x":0.08010800927877426,"y":1.0522866249084473,"z":2.439243793487549},"rotation":{"x":-0.18906031548976899,"y":0.002943169791251421,"z":0.0005529744084924459,"w":0.9820465445518494},"size":1.9679667949676514,"orthographic":false}