{"cameraMode":{"drawMode":0,"name":"Shaded","section":"Shading Mode"},"sceneLighting":false,"audioPlay":false,"sceneViewState":{"m_AlwaysRefresh":true,"showFog":true,"showSkybox":false,"showFlares":true,"showImageEffects":true,"showParticleSystems":true,"showVisualEffectGraphs":true,"m_FxEnabled":true},"in2DMode":false,"pivot":{"x":-2.0709807872772219,"y":-0.998548150062561,"z":2.7053840160369875},"rotation":{"x":0.13505031168460847,"y":-0.2812294363975525,"z":0.04000295326113701,"w":0.9493229985237122},"size":1.9679667949676514,"orthographic":false}